system:index,annual_mean_wind_speed,lat,lon,year,.geo
0_0,4.234508223087396,32.14851482527613,-103.4800850632503,2022,"{""type"":""MultiPoint"",""coordinates"":[]}"
1_0,3.8052744108821988,39.66553191122173,-88.36071893437439,2022,"{""type"":""MultiPoint"",""coordinates"":[]}"
2_0,2.264896422299461,32.05020534890419,-110.06144448571716,2022,"{""type"":""MultiPoint"",""coordinates"":[]}"
3_0,2.033765629870982,36.136375556364115,-105.85445463853289,2022,"{""type"":""MultiPoint"",""coordinates"":[]}"
4_0,1.8009118849458352,38.59187244318191,-119.3279226359337,2022,"{""type"":""MultiPoint"",""coordinates"":[]}"
5_0,3.358452117068686,26.435467788040015,-104.39940224694777,2022,"{""type"":""MultiPoint"",""coordinates"":[]}"
6_0,3.7201707016645926,41.37732784181683,-85.70534953048279,2022,"{""type"":""MultiPoint"",""coordinates"":[]}"
7_0,2.8971535026080866,39.64551200666798,-75.1069905358597,2022,"{""type"":""MultiPoint"",""coordinates"":[]}"
8_0,4.23054500258058,33.92316189313401,-104.29755844753086,2022,"{""type"":""MultiPoint"",""coordinates"":[]}"
9_0,3.0888970833781952,39.99414612617662,-90.39605296870724,2022,"{""type"":""MultiPoint"",""coordinates"":[]}"
10_0,4.11512468086234,40.298072216421446,-98.83358568852364,2022,"{""type"":""MultiPoint"",""coordinates"":[]}"
11_0,2.771755843885894,38.649299189413895,-88.73531240917072,2022,"{""type"":""MultiPoint"",""coordinates"":[]}"
12_0,3.210440781665581,35.556553671092516,-113.3769726202708,2022,"{""type"":""MultiPoint"",""coordinates"":[]}"
16_0,2.0413821840529565,31.704188574863792,-90.6640496086375,2022,"{""type"":""MultiPoint"",""coordinates"":[]}"
17_0,2.4976395132545157,32.059297029930185,-91.58996458549792,2022,"{""type"":""MultiPoint"",""coordinates"":[]}"
18_0,4.406759804843497,42.8720256742076,-93.8076702445287,2022,"{""type"":""MultiPoint"",""coordinates"":[]}"
19_0,3.047779123319182,30.88205774012493,-108.07329228512553,2022,"{""type"":""MultiPoint"",""coordinates"":[]}"
20_0,3.072350625949455,27.897047274576344,-103.08526027564636,2022,"{""type"":""MultiPoint"",""coordinates"":[]}"
21_0,4.820941892873564,45.815871099411595,-100.43590719526358,2022,"{""type"":""MultiPoint"",""coordinates"":[]}"
23_0,4.25872188886563,31.95049446044592,-103.46671684224386,2022,"{""type"":""MultiPoint"",""coordinates"":[]}"
24_0,2.4490986430605717,48.44682746512388,-82.81189641083624,2022,"{""type"":""MultiPoint"",""coordinates"":[]}"
25_0,2.2686964457724406,37.31435564114008,-87.81682989114773,2022,"{""type"":""MultiPoint"",""coordinates"":[]}"
26_0,1.988457269833757,38.66684680578814,-105.05154095460209,2022,"{""type"":""MultiPoint"",""coordinates"":[]}"
27_0,2.3381567335007314,38.412935467104305,-121.66497393020823,2022,"{""type"":""MultiPoint"",""coordinates"":[]}"
28_0,3.8121242331690977,40.340188104043506,-74.05726727755723,2022,"{""type"":""MultiPoint"",""coordinates"":[]}"
29_0,6.029454679035595,42.929994242963204,-87.85597875555686,2022,"{""type"":""MultiPoint"",""coordinates"":[]}"
31_0,2.162714154465006,36.31385037429537,-86.89053985274052,2022,"{""type"":""MultiPoint"",""coordinates"":[]}"
32_0,4.50576978525821,33.03053390386996,-102.22567284000533,2022,"{""type"":""MultiPoint"",""coordinates"":[]}"
33_0,3.773738473303152,41.87548644906444,-86.5628790327928,2022,"{""type"":""MultiPoint"",""coordinates"":[]}"
34_0,2.8758883907023063,38.47229194203906,-93.98912585956221,2022,"{""type"":""MultiPoint"",""coordinates"":[]}"
35_0,3.256530627272867,42.91058589803992,-117.35995645702035,2022,"{""type"":""MultiPoint"",""coordinates"":[]}"
36_0,1.82227079469699,41.553106589468356,-121.46489207474235,2022,"{""type"":""MultiPoint"",""coordinates"":[]}"
37_0,3.577157863980978,30.186412263500664,-85.73510016108911,2022,"{""type"":""MultiPoint"",""coordinates"":[]}"
38_0,2.249393705245326,46.946687739411736,-72.35056607700363,2022,"{""type"":""MultiPoint"",""coordinates"":[]}"
40_0,4.7212089400311426,32.15535979527721,-101.33015315638353,2022,"{""type"":""MultiPoint"",""coordinates"":[]}"
46_0,2.4694552139974433,40.41625316355088,-108.295935666391,2022,"{""type"":""MultiPoint"",""coordinates"":[]}"
47_0,2.220253767111601,38.75360407192937,-86.360069689255,2022,"{""type"":""MultiPoint"",""coordinates"":[]}"
48_0,3.6322308402647634,31.445153932706766,-107.55713196715175,2022,"{""type"":""MultiPoint"",""coordinates"":[]}"
49_0,2.5709783467954375,44.443972035883974,-74.65448303293705,2022,"{""type"":""MultiPoint"",""coordinates"":[]}"
51_0,2.1115061175213268,36.10754318207538,-91.86452135067485,2022,"{""type"":""MultiPoint"",""coordinates"":[]}"
52_0,3.6557058332617482,41.75579336149369,-84.39385576336387,2022,"{""type"":""MultiPoint"",""coordinates"":[]}"
53_0,6.251612280579072,47.12149883863536,-89.38773400680968,2022,"{""type"":""MultiPoint"",""coordinates"":[]}"
54_0,2.14613483914012,31.170295676211214,-93.16419826180903,2022,"{""type"":""MultiPoint"",""coordinates"":[]}"
55_0,2.5316350648812866,36.275774549951485,-77.42518807686743,2022,"{""type"":""MultiPoint"",""coordinates"":[]}"
57_0,2.0097490152333206,34.74121444349437,-119.97909201105357,2022,"{""type"":""MultiPoint"",""coordinates"":[]}"
58_0,1.7906541482655107,43.78230452351979,-107.08590479164218,2022,"{""type"":""MultiPoint"",""coordinates"":[]}"
59_0,4.543525409396891,44.10667954603182,-96.84749611296212,2022,"{""type"":""MultiPoint"",""coordinates"":[]}"
60_0,4.351173995205918,40.59825402514365,-97.19109653998679,2022,"{""type"":""MultiPoint"",""coordinates"":[]}"
61_0,2.8155753481802113,25.049438314830752,-110.97771412796043,2022,"{""type"":""MultiPoint"",""coordinates"":[]}"
62_0,4.571683458352789,43.83187837419457,-101.87846137616235,2022,"{""type"":""MultiPoint"",""coordinates"":[]}"
63_0,4.637080238202105,35.04311991623226,-101.64194186616602,2022,"{""type"":""MultiPoint"",""coordinates"":[]}"
66_0,4.445689547823387,33.34176050689873,-100.88966375900175,2022,"{""type"":""MultiPoint"",""coordinates"":[]}"
68_0,2.8948640894839555,34.04755635537164,-109.19171135332691,2022,"{""type"":""MultiPoint"",""coordinates"":[]}"
70_0,4.30027864717003,38.14563475815486,-100.08333512211733,2022,"{""type"":""MultiPoint"",""coordinates"":[]}"
71_0,2.4518238650553688,32.251179080402835,-91.43810340202272,2022,"{""type"":""MultiPoint"",""coordinates"":[]}"
72_0,4.752737042880331,46.87843251988913,-101.79134904818032,2022,"{""type"":""MultiPoint"",""coordinates"":[]}"
73_0,3.9583336433912426,27.638738272351837,-114.46848192287582,2022,"{""type"":""MultiPoint"",""coordinates"":[]}"
74_0,2.5251930498546935,34.02729043839696,-90.13425966386923,2022,"{""type"":""MultiPoint"",""coordinates"":[]}"
75_0,4.3862578554980445,32.69431362467874,-102.63795326601273,2022,"{""type"":""MultiPoint"",""coordinates"":[]}"
76_0,4.297204293430872,44.21556822660741,-93.91625511088068,2022,"{""type"":""MultiPoint"",""coordinates"":[]}"
77_0,2.5416389915965194,47.94774946364295,-67.66478954913067,2022,"{""type"":""MultiPoint"",""coordinates"":[]}"
78_0,2.7179833303932526,29.871998747996095,-84.65166965353043,2022,"{""type"":""MultiPoint"",""coordinates"":[]}"
79_0,1.7898991273144993,38.93004095493999,-112.04814343502562,2022,"{""type"":""MultiPoint"",""coordinates"":[]}"
80_0,1.2066675649561465,47.85210861738725,-121.64629022902812,2022,"{""type"":""MultiPoint"",""coordinates"":[]}"
81_0,2.5138271226611253,46.68718623747149,-69.69696512376959,2022,"{""type"":""MultiPoint"",""coordinates"":[]}"
87_0,1.5525982628500983,45.94925970300195,-122.54209237516311,2022,"{""type"":""MultiPoint"",""coordinates"":[]}"
89_0,4.192717712215408,48.90215167638317,-105.99705614504803,2022,"{""type"":""MultiPoint"",""coordinates"":[]}"
91_0,2.3383100611133294,30.993897580507966,-85.62970702559183,2022,"{""type"":""MultiPoint"",""coordinates"":[]}"
93_0,2.645237978706706,33.24588077937629,-91.42678028523154,2022,"{""type"":""MultiPoint"",""coordinates"":[]}"
94_0,2.502456439890078,45.966632417413315,-69.36554770545159,2022,"{""type"":""MultiPoint"",""coordinates"":[]}"
96_0,4.248339276414181,48.34360912519496,-104.7698614457896,2022,"{""type"":""MultiPoint"",""coordinates"":[]}"
97_0,1.8411531876167626,36.54307779052507,-83.78037150892285,2022,"{""type"":""MultiPoint"",""coordinates"":[]}"
99_0,1.3981399161368446,35.075530878124155,-118.77670255247088,2022,"{""type"":""MultiPoint"",""coordinates"":[]}"
100_0,3.774322391872671,38.99689444038676,-98.20339790277374,2022,"{""type"":""MultiPoint"",""coordinates"":[]}"
101_0,2.5503724320224355,37.22561439866257,-94.3534353338048,2022,"{""type"":""MultiPoint"",""coordinates"":[]}"
102_0,3.810272406222193,47.05710883125768,-108.58308558233827,2022,"{""type"":""MultiPoint"",""coordinates"":[]}"
103_0,2.532682971416268,40.18349861306508,-110.45580241761431,2022,"{""type"":""MultiPoint"",""coordinates"":[]}"
104_0,2.108993924897363,34.6928369865774,-94.89898146592084,2022,"{""type"":""MultiPoint"",""coordinates"":[]}"
105_0,3.3665654004575347,42.164003102747905,-116.60225600528607,2022,"{""type"":""MultiPoint"",""coordinates"":[]}"
107_0,1.4409312866487316,46.95201613693151,-115.27478526969414,2022,"{""type"":""MultiPoint"",""coordinates"":[]}"
109_0,2.881005897445003,29.551109501321232,-99.55510833295872,2022,"{""type"":""MultiPoint"",""coordinates"":[]}"
110_0,1.3546984881514035,49.21538815234064,-120.3538370565597,2022,"{""type"":""MultiPoint"",""coordinates"":[]}"
113_0,3.5432763945535464,41.320960237677674,-90.90062244736077,2022,"{""type"":""MultiPoint"",""coordinates"":[]}"
114_0,4.027168724866865,30.117344344548194,-102.63026656730096,2022,"{""type"":""MultiPoint"",""coordinates"":[]}"
115_0,2.440552127322866,35.89466355445681,-76.3388617707542,2022,"{""type"":""MultiPoint"",""coordinates"":[]}"
116_0,3.6704930145243235,30.46417297185063,-96.58624244312628,2022,"{""type"":""MultiPoint"",""coordinates"":[]}"
120_0,4.919121384161677,46.61450825564826,-102.46075024045776,2022,"{""type"":""MultiPoint"",""coordinates"":[]}"
121_0,4.167590992653865,37.90954679004147,-98.76015701147891,2022,"{""type"":""MultiPoint"",""coordinates"":[]}"
122_0,3.341574937344082,47.25805971761406,-91.36419066832318,2022,"{""type"":""MultiPoint"",""coordinates"":[]}"
123_0,3.37051803029005,39.46336217495537,-94.31973308268302,2022,"{""type"":""MultiPoint"",""coordinates"":[]}"
124_0,2.3944186990029444,40.58574549039205,-115.96420170065056,2022,"{""type"":""MultiPoint"",""coordinates"":[]}"
125_0,1.8562328676956603,39.24969493407746,-117.40367884762583,2022,"{""type"":""MultiPoint"",""coordinates"":[]}"
126_0,2.2146977695007735,38.51778303397955,-80.18058421740506,2022,"{""type"":""MultiPoint"",""coordinates"":[]}"
129_0,4.54135498086895,47.74222521394218,-98.01517395379551,2022,"{""type"":""MultiPoint"",""coordinates"":[]}"
131_0,1.976171412695491,36.90777308593278,-81.52616198583267,2022,"{""type"":""MultiPoint"",""coordinates"":[]}"
134_0,2.363014779751295,36.044415996234754,-94.74064087153265,2022,"{""type"":""MultiPoint"",""coordinates"":[]}"
135_0,2.8307743282330238,35.50075480205698,-89.88425300157505,2022,"{""type"":""MultiPoint"",""coordinates"":[]}"
136_0,2.994849228835491,32.36816697472439,-106.1392986365468,2022,"{""type"":""MultiPoint"",""coordinates"":[]}"
137_0,2.742965817279366,27.438858704160303,-103.61655527088688,2022,"{""type"":""MultiPoint"",""coordinates"":[]}"
138_0,4.364496409762792,43.28981782372886,-99.38478162862158,2022,"{""type"":""MultiPoint"",""coordinates"":[]}"
139_0,2.1283468445348652,41.27854211898545,-76.7053920325504,2022,"{""type"":""MultiPoint"",""coordinates"":[]}"
140_0,2.977754303022537,45.547556156246216,-119.11623426518115,2022,"{""type"":""MultiPoint"",""coordinates"":[]}"
142_0,2.431683344768929,28.686369034927278,-105.23847381684818,2022,"{""type"":""MultiPoint"",""coordinates"":[]}"
143_0,2.9295835495437976,35.475216723540306,-111.5453357305881,2022,"{""type"":""MultiPoint"",""coordinates"":[]}"
144_0,2.672758033662104,47.37432543083022,-70.67124957804656,2022,"{""type"":""MultiPoint"",""coordinates"":[]}"
145_0,3.979251789704313,31.940215870394248,-108.14135458259041,2022,"{""type"":""MultiPoint"",""coordinates"":[]}"
148_0,3.24489634605371,32.68641414446871,-112.56884727431137,2022,"{""type"":""MultiPoint"",""coordinates"":[]}"
149_0,2.6323331208741867,40.69198282751212,-120.14519173783012,2022,"{""type"":""MultiPoint"",""coordinates"":[]}"
150_0,2.715303998236163,28.206904993437455,-102.65219827311762,2022,"{""type"":""MultiPoint"",""coordinates"":[]}"
151_0,2.9923603976920217,48.99214204127741,-95.80118776487868,2022,"{""type"":""MultiPoint"",""coordinates"":[]}"
152_0,3.2903606150364735,27.855211213776272,-104.0381540016443,2022,"{""type"":""MultiPoint"",""coordinates"":[]}"
153_0,3.398818577560871,33.34030158766041,-95.93993137037762,2022,"{""type"":""MultiPoint"",""coordinates"":[]}"
154_0,2.0363363448204317,31.90885930741861,-85.40532183114928,2022,"{""type"":""MultiPoint"",""coordinates"":[]}"
155_0,1.9507269293924212,42.12983558816002,-120.33879564025843,2022,"{""type"":""MultiPoint"",""coordinates"":[]}"
156_0,1.4988222925414891,44.44243285350007,-113.06140950298425,2022,"{""type"":""MultiPoint"",""coordinates"":[]}"
157_0,1.9130930047874863,45.586465141371484,-111.0920044411007,2022,"{""type"":""MultiPoint"",""coordinates"":[]}"
158_0,5.866268127475067,43.26369073794939,-82.29547842501835,2022,"{""type"":""MultiPoint"",""coordinates"":[]}"
160_0,3.4428394647068727,36.15794290717012,-110.04771371431215,2022,"{""type"":""MultiPoint"",""coordinates"":[]}"
161_0,2.4558991491618793,40.96127304328208,-116.40632505110635,2022,"{""type"":""MultiPoint"",""coordinates"":[]}"
162_0,1.5607042166914065,37.636696034764356,-106.07618455831758,2022,"{""type"":""MultiPoint"",""coordinates"":[]}"
163_0,1.9915165848272354,32.21752588246297,-89.7009696328076,2022,"{""type"":""MultiPoint"",""coordinates"":[]}"
164_0,2.247618180878388,38.09045366152627,-86.5219760443108,2022,"{""type"":""MultiPoint"",""coordinates"":[]}"
165_0,2.0356991397735684,41.46248588321715,-118.05030495427023,2022,"{""type"":""MultiPoint"",""coordinates"":[]}"
166_0,4.43249087447435,46.1197641954314,-104.7812110231172,2022,"{""type"":""MultiPoint"",""coordinates"":[]}"
167_0,4.5317849789027385,37.294087157866905,-101.37601921674046,2022,"{""type"":""MultiPoint"",""coordinates"":[]}"
168_0,1.3573479592063475,39.27306781991569,-107.37738432106245,2022,"{""type"":""MultiPoint"",""coordinates"":[]}"
169_0,3.8053181212301235,39.9283944355045,-88.88149404380383,2022,"{""type"":""MultiPoint"",""coordinates"":[]}"
171_0,2.5107726437458275,48.83686651930783,-89.27615409116444,2022,"{""type"":""MultiPoint"",""coordinates"":[]}"
172_0,4.90094717238209,46.61759097386553,-104.30847981571712,2022,"{""type"":""MultiPoint"",""coordinates"":[]}"
173_0,2.1028669332887486,34.6128986760318,-88.9524630325392,2022,"{""type"":""MultiPoint"",""coordinates"":[]}"
174_0,3.0234040614911457,38.39030342881053,-104.48525226456388,2022,"{""type"":""MultiPoint"",""coordinates"":[]}"
175_0,3.464181296968013,39.61575111495076,-87.69539602541462,2022,"{""type"":""MultiPoint"",""coordinates"":[]}"
176_0,2.6229115922651514,46.16952549796686,-69.7300682285083,2022,"{""type"":""MultiPoint"",""coordinates"":[]}"
177_0,4.448675068259324,33.98728639442917,-102.23776328844374,2022,"{""type"":""MultiPoint"",""coordinates"":[]}"
179_0,2.9821877417140246,30.86812355109094,-105.30346256819215,2022,"{""type"":""MultiPoint"",""coordinates"":[]}"
183_0,4.039318759917008,42.74683923619177,-91.85211856102225,2022,"{""type"":""MultiPoint"",""coordinates"":[]}"
184_0,2.5837601095927734,45.75773601900111,-88.74588463893485,2022,"{""type"":""MultiPoint"",""coordinates"":[]}"
185_0,2.2225694659488533,36.11563479437665,-87.06564279467794,2022,"{""type"":""MultiPoint"",""coordinates"":[]}"
187_0,1.8458642849170097,34.83706503555016,-85.29111992713851,2022,"{""type"":""MultiPoint"",""coordinates"":[]}"
193_0,1.4170340162290396,43.67296366451917,-122.89013205740807,2022,"{""type"":""MultiPoint"",""coordinates"":[]}"
194_0,2.46743062303689,47.49207229909701,-84.07100826239056,2022,"{""type"":""MultiPoint"",""coordinates"":[]}"
197_0,2.555164814662452,41.48478997398783,-72.81430274229551,2022,"{""type"":""MultiPoint"",""coordinates"":[]}"
198_0,3.5988589033064557,39.29281674909575,-97.51693488836283,2022,"{""type"":""MultiPoint"",""coordinates"":[]}"
199_0,3.263494747595053,29.90634186278318,-99.63699729954457,2022,"{""type"":""MultiPoint"",""coordinates"":[]}"
202_0,2.4642214830987896,47.00003158289851,-69.48124687288812,2022,"{""type"":""MultiPoint"",""coordinates"":[]}"
204_0,2.62651322296597,32.103011151157766,-82.44172490163972,2022,"{""type"":""MultiPoint"",""coordinates"":[]}"
207_0,2.7059517919340736,29.980489069149474,-95.01300416046229,2022,"{""type"":""MultiPoint"",""coordinates"":[]}"
208_0,3.662741714633433,40.16996522769178,-86.09630757037434,2022,"{""type"":""MultiPoint"",""coordinates"":[]}"
209_0,2.4954934404173703,47.27537771601796,-74.78985074089873,2022,"{""type"":""MultiPoint"",""coordinates"":[]}"
210_0,3.167742228486878,29.951088557671966,-95.86475667421539,2022,"{""type"":""MultiPoint"",""coordinates"":[]}"
211_0,5.187065969087603,44.225584847882466,-105.2783461943867,2022,"{""type"":""MultiPoint"",""coordinates"":[]}"
212_0,4.9928542009831585,42.85607380099505,-104.50960738209656,2022,"{""type"":""MultiPoint"",""coordinates"":[]}"
213_0,4.036879923509396,31.7063052838638,-107.10040193497689,2022,"{""type"":""MultiPoint"",""coordinates"":[]}"
214_0,2.2240811608692317,41.45829261037687,-74.6023003046527,2022,"{""type"":""MultiPoint"",""coordinates"":[]}"
217_0,2.2322996620847153,43.52459433217392,-70.9914630610297,2022,"{""type"":""MultiPoint"",""coordinates"":[]}"
218_0,3.1592505229979913,47.29165405627902,-119.14551562659484,2022,"{""type"":""MultiPoint"",""coordinates"":[]}"
219_0,2.6605837054475865,36.51935647761371,-113.80172770131371,2022,"{""type"":""MultiPoint"",""coordinates"":[]}"
220_0,6.058623389028818,42.848482649312906,-87.84979118677992,2022,"{""type"":""MultiPoint"",""coordinates"":[]}"
221_0,4.692078508481364,45.566549093924245,-104.4695617042573,2022,"{""type"":""MultiPoint"",""coordinates"":[]}"
223_0,3.693031487550323,48.11792582735415,-109.37454484375348,2022,"{""type"":""MultiPoint"",""coordinates"":[]}"
224_0,2.093482696003636,39.14813565983157,-81.0174982221152,2022,"{""type"":""MultiPoint"",""coordinates"":[]}"
226_0,3.8839361737368367,40.55150120521979,-100.1968455455316,2022,"{""type"":""MultiPoint"",""coordinates"":[]}"
228_0,1.6595873672532497,44.22253755850183,-118.67129199279609,2022,"{""type"":""MultiPoint"",""coordinates"":[]}"
230_0,2.378203904720127,49.318148089099985,-81.8203160548172,2022,"{""type"":""MultiPoint"",""coordinates"":[]}"
231_0,1.942534389462843,36.10329261195608,-80.41512565142045,2022,"{""type"":""MultiPoint"",""coordinates"":[]}"
232_0,4.859747897673591,34.98171625805447,-102.29996615672601,2022,"{""type"":""MultiPoint"",""coordinates"":[]}"
234_0,4.647279473700958,32.212107672465095,-101.8154827095521,2022,"{""type"":""MultiPoint"",""coordinates"":[]}"
235_0,3.417192648270662,39.54309504455735,-83.81433214992748,2022,"{""type"":""MultiPoint"",""coordinates"":[]}"
236_0,7.286141620050184,45.278432359238344,-86.02056952063414,2022,"{""type"":""MultiPoint"",""coordinates"":[]}"
239_0,3.20795459841242,45.6231815454827,-93.968537440981,2022,"{""type"":""MultiPoint"",""coordinates"":[]}"
240_0,3.9212868413306405,38.97318609659316,-96.44470020344338,2022,"{""type"":""MultiPoint"",""coordinates"":[]}"
242_0,1.587178782236601,44.68112512475372,-118.67466992445958,2022,"{""type"":""MultiPoint"",""coordinates"":[]}"
243_0,1.662509658707158,47.24139391254117,-122.97052760955039,2022,"{""type"":""MultiPoint"",""coordinates"":[]}"
245_0,2.5604827098233605,47.65579707546815,-68.28844345155056,2022,"{""type"":""MultiPoint"",""coordinates"":[]}"
246_0,3.507664022698555,39.896113036138864,-93.6766780946883,2022,"{""type"":""MultiPoint"",""coordinates"":[]}"
249_0,4.490003767327164,33.43566949578306,-102.33622543214453,2022,"{""type"":""MultiPoint"",""coordinates"":[]}"
250_0,2.2538352512401727,34.85113217326224,-77.71819549192436,2022,"{""type"":""MultiPoint"",""coordinates"":[]}"
251_0,2.505582322880856,41.34912069884221,-115.01816042841106,2022,"{""type"":""MultiPoint"",""coordinates"":[]}"
252_0,4.0734913511827555,29.114985827617005,-100.68452822783944,2022,"{""type"":""MultiPoint"",""coordinates"":[]}"
253_0,4.47997748605505,46.317625172019966,-99.97322459949132,2022,"{""type"":""MultiPoint"",""coordinates"":[]}"
254_0,3.248809698532876,45.34656293804357,-93.66413722097352,2022,"{""type"":""MultiPoint"",""coordinates"":[]}"
255_0,4.149613972935737,48.84047289043733,-105.68626636993083,2022,"{""type"":""MultiPoint"",""coordinates"":[]}"
256_0,3.9391795024908554,38.75852159378335,-96.1873835471508,2022,"{""type"":""MultiPoint"",""coordinates"":[]}"
257_0,2.2609817724227512,30.774745685760678,-84.73799241517641,2022,"{""type"":""MultiPoint"",""coordinates"":[]}"
259_0,1.6856876390896915,36.00310272278276,-121.074350629804,2022,"{""type"":""MultiPoint"",""coordinates"":[]}"
260_0,1.6250016414907866,36.38108391220331,-118.71926901471038,2022,"{""type"":""MultiPoint"",""coordinates"":[]}"
261_0,2.7126878467478552,37.63328924466301,-116.13688011182366,2022,"{""type"":""MultiPoint"",""coordinates"":[]}"
262_0,2.210963571350004,44.910825796879884,-72.46792955296529,2022,"{""type"":""MultiPoint"",""coordinates"":[]}"
263_0,4.653029985582112,41.50436726562225,-102.1610431583178,2022,"{""type"":""MultiPoint"",""coordinates"":[]}"
264_0,2.0950087177052814,28.890381948007498,-107.28708002548194,2022,"{""type"":""MultiPoint"",""coordinates"":[]}"
265_0,2.2826410092795832,46.893544763921106,-72.58982750539106,2022,"{""type"":""MultiPoint"",""coordinates"":[]}"
266_0,2.9139207629224044,36.78049168772441,-113.30183417102478,2022,"{""type"":""MultiPoint"",""coordinates"":[]}"
267_0,5.070211534804358,26.417139677354935,-97.4588352994772,2022,"{""type"":""MultiPoint"",""coordinates"":[]}"
268_0,2.8485574125057123,49.382255168626436,-87.91469350456923,2022,"{""type"":""MultiPoint"",""coordinates"":[]}"
269_0,1.7731204030238397,38.60552733901164,-78.71759427371484,2022,"{""type"":""MultiPoint"",""coordinates"":[]}"
270_0,2.5243081366816034,47.758734569923554,-74.27450521018432,2022,"{""type"":""MultiPoint"",""coordinates"":[]}"
273_0,3.058050542832641,36.33477696773846,-90.20748078025093,2022,"{""type"":""MultiPoint"",""coordinates"":[]}"
275_0,4.9097838179190765,44.70881772108049,-100.43423787703841,2022,"{""type"":""MultiPoint"",""coordinates"":[]}"
278_0,4.37266046762555,40.88621560754097,-97.36421765522309,2022,"{""type"":""MultiPoint"",""coordinates"":[]}"
279_0,2.5156879607172034,47.16595723578527,-76.19671465349008,2022,"{""type"":""MultiPoint"",""coordinates"":[]}"
280_0,2.93179896414349,39.144155473308224,-85.33438936530125,2022,"{""type"":""MultiPoint"",""coordinates"":[]}"
282_0,2.7810400628302117,41.23451275590255,-106.14709218142684,2022,"{""type"":""MultiPoint"",""coordinates"":[]}"
283_0,2.231185128697364,32.9896986866294,-90.35524813815506,2022,"{""type"":""MultiPoint"",""coordinates"":[]}"
284_0,4.962682476721136,35.92735448268807,-99.73216672842536,2022,"{""type"":""MultiPoint"",""coordinates"":[]}"
287_0,2.648162258293361,42.48783837597536,-110.02777533897127,2022,"{""type"":""MultiPoint"",""coordinates"":[]}"
289_0,2.8423670697108476,38.13047333130848,-116.64580499675537,2022,"{""type"":""MultiPoint"",""coordinates"":[]}"
291_0,1.246200464416183,48.35397559240525,-117.52001327436336,2022,"{""type"":""MultiPoint"",""coordinates"":[]}"
292_0,3.064585153731262,45.30008943125142,-89.56598811462388,2022,"{""type"":""MultiPoint"",""coordinates"":[]}"
294_0,2.098658833640185,28.965068510982018,-102.85825714678256,2022,"{""type"":""MultiPoint"",""coordinates"":[]}"
295_0,1.7749817745288237,28.398381823939953,-110.39988930966067,2022,"{""type"":""MultiPoint"",""coordinates"":[]}"
296_0,2.7126878467478552,37.53562320033674,-116.05019416445384,2022,"{""type"":""MultiPoint"",""coordinates"":[]}"
297_0,1.627559770144411,44.41837313488102,-119.04252326667267,2022,"{""type"":""MultiPoint"",""coordinates"":[]}"
298_0,4.226083890671291,39.37700379962534,-102.01008704630068,2022,"{""type"":""MultiPoint"",""coordinates"":[]}"
303_0,2.1092923779472845,34.9398329511334,-116.17927336226839,2022,"{""type"":""MultiPoint"",""coordinates"":[]}"
305_0,2.3561362051847428,37.06715405865915,-94.0772191133648,2022,"{""type"":""MultiPoint"",""coordinates"":[]}"
308_0,2.2493268283064256,37.87039948637776,-76.79315290267063,2022,"{""type"":""MultiPoint"",""coordinates"":[]}"
310_0,3.1838611780296966,37.518717997995836,-95.62586215228625,2022,"{""type"":""MultiPoint"",""coordinates"":[]}"
313_0,2.6680702987308034,36.672804220022826,-116.29568023387012,2022,"{""type"":""MultiPoint"",""coordinates"":[]}"
314_0,4.6873819458290376,42.37616276761532,-82.72350776487042,2022,"{""type"":""MultiPoint"",""coordinates"":[]}"
315_0,4.493338593279357,39.94737508174112,-101.84363965836405,2022,"{""type"":""MultiPoint"",""coordinates"":[]}"
316_0,2.3847168556786222,47.880742493812335,-79.90842393144126,2022,"{""type"":""MultiPoint"",""coordinates"":[]}"
317_0,1.6954473821157903,38.61582037670943,-78.28982838358667,2022,"{""type"":""MultiPoint"",""coordinates"":[]}"
323_0,3.610980275868438,41.04621805265797,-91.00819330987726,2022,"{""type"":""MultiPoint"",""coordinates"":[]}"
324_0,2.084505364437385,40.33706489313014,-122.15135508577623,2022,"{""type"":""MultiPoint"",""coordinates"":[]}"
325_0,4.391931499978501,31.70941110572308,-100.23438316546918,2022,"{""type"":""MultiPoint"",""coordinates"":[]}"
326_0,1.5102711528070443,31.079326639720655,-115.72310783103983,2022,"{""type"":""MultiPoint"",""coordinates"":[]}"
327_0,2.0810100043118616,38.86572987422462,-79.55437255497634,2022,"{""type"":""MultiPoint"",""coordinates"":[]}"
330_0,1.8514087683824134,38.10768787966415,-111.6916255251902,2022,"{""type"":""MultiPoint"",""coordinates"":[]}"
331_0,3.218458087569417,38.07939989185576,-104.70119938666319,2022,"{""type"":""MultiPoint"",""coordinates"":[]}"
332_0,2.4383045522306004,38.56660849714965,-113.38390199822166,2022,"{""type"":""MultiPoint"",""coordinates"":[]}"
333_0,1.3404858285511039,26.105118063858427,-108.2545136886945,2022,"{""type"":""MultiPoint"",""coordinates"":[]}"
334_0,3.2198275298437595,44.83662666370771,-93.05737354998269,2022,"{""type"":""MultiPoint"",""coordinates"":[]}"
335_0,2.9116125600366485,47.65338909066357,-93.58729628605921,2022,"{""type"":""MultiPoint"",""coordinates"":[]}"
338_0,2.6780017789905415,45.84730760750475,-119.22625597251265,2022,"{""type"":""MultiPoint"",""coordinates"":[]}"
340_0,4.941420411536718,31.245809589896524,-101.63124585059919,2022,"{""type"":""MultiPoint"",""coordinates"":[]}"
341_0,2.6453343151825526,39.808350367076876,-109.74309165625895,2022,"{""type"":""MultiPoint"",""coordinates"":[]}"
344_0,1.457269709258014,28.55093938211185,-109.18859244878995,2022,"{""type"":""MultiPoint"",""coordinates"":[]}"
346_0,4.119555459609717,42.655874471510856,-92.03403040414001,2022,"{""type"":""MultiPoint"",""coordinates"":[]}"
347_0,2.5463809122276464,43.01429460576962,-77.42714814279998,2022,"{""type"":""MultiPoint"",""coordinates"":[]}"
348_0,2.8309028487264816,39.37220634675011,-115.37476812778257,2022,"{""type"":""MultiPoint"",""coordinates"":[]}"
349_0,4.622922085263219,42.559663922585266,-81.67883900204912,2022,"{""type"":""MultiPoint"",""coordinates"":[]}"
350_0,4.46834682382117,34.9368201544104,-104.0922796592441,2022,"{""type"":""MultiPoint"",""coordinates"":[]}"
351_0,3.7479786500739554,48.60716048400629,-72.01551182799533,2022,"{""type"":""MultiPoint"",""coordinates"":[]}"
352_0,2.54167946761364,45.78646782523716,-68.06145790972754,2022,"{""type"":""MultiPoint"",""coordinates"":[]}"
354_0,2.4192173746042753,46.51103041982123,-74.36869608514812,2022,"{""type"":""MultiPoint"",""coordinates"":[]}"
355_0,1.7912465870294156,25.62037879473745,-100.6734155050879,2022,"{""type"":""MultiPoint"",""coordinates"":[]}"
356_0,4.224844933102911,48.243391421851264,-106.10093826342498,2022,"{""type"":""MultiPoint"",""coordinates"":[]}"
359_0,1.903152781898814,31.82411489002906,-89.3087746458673,2022,"{""type"":""MultiPoint"",""coordinates"":[]}"
361_0,2.452945425376164,41.610112303245494,-114.04638063707259,2022,"{""type"":""MultiPoint"",""coordinates"":[]}"
362_0,3.8849989811035193,28.608574387833283,-100.169123622471,2022,"{""type"":""MultiPoint"",""coordinates"":[]}"
364_0,2.701846454718888,36.39853196166654,-107.0614676421442,2022,"{""type"":""MultiPoint"",""coordinates"":[]}"
365_0,2.1642260386130765,36.695890507664124,-87.45698227398958,2022,"{""type"":""MultiPoint"",""coordinates"":[]}"
367_0,1.596374904119993,35.74435940245747,-81.96918989376331,2022,"{""type"":""MultiPoint"",""coordinates"":[]}"
368_0,3.2302013213760405,30.172688178342657,-112.33623720049548,2022,"{""type"":""MultiPoint"",""coordinates"":[]}"
370_0,2.7206385671488342,33.80203807220441,-84.32616477146486,2022,"{""type"":""MultiPoint"",""coordinates"":[]}"
371_0,2.8169272331416035,41.26145218089853,-110.92133802868746,2022,"{""type"":""MultiPoint"",""coordinates"":[]}"
372_0,2.872733520593624,28.70403429513694,-104.89586024890289,2022,"{""type"":""MultiPoint"",""coordinates"":[]}"
373_0,1.0739098214124958,25.39174183803445,-106.59846827366371,2022,"{""type"":""MultiPoint"",""coordinates"":[]}"
374_0,2.435381009923349,46.05376917389715,-70.92517309787128,2022,"{""type"":""MultiPoint"",""coordinates"":[]}"
375_0,1.755955607380754,38.420005896583525,-118.07737051446125,2022,"{""type"":""MultiPoint"",""coordinates"":[]}"
376_0,2.140755242651655,30.79221680871073,-94.39202870688747,2022,"{""type"":""MultiPoint"",""coordinates"":[]}"
377_0,3.0009245132859323,34.74469990248309,-96.62731472877188,2022,"{""type"":""MultiPoint"",""coordinates"":[]}"
378_0,2.3113400820869896,45.43888115301511,-74.64309445933215,2022,"{""type"":""MultiPoint"",""coordinates"":[]}"
379_0,3.6313545720839975,40.957017914686894,-89.82849733695275,2022,"{""type"":""MultiPoint"",""coordinates"":[]}"
381_0,2.054135714045755,38.809515967675644,-116.722831332491,2022,"{""type"":""MultiPoint"",""coordinates"":[]}"
384_0,2.1049213372218225,32.690638633419645,-86.19436846933678,2022,"{""type"":""MultiPoint"",""coordinates"":[]}"
385_0,3.2138931359135037,30.113992095785324,-98.15096443219014,2022,"{""type"":""MultiPoint"",""coordinates"":[]}"
387_0,2.5396264601713687,48.207885110453425,-113.13893953249861,2022,"{""type"":""MultiPoint"",""coordinates"":[]}"
388_0,1.97961001309854,29.695688438784675,-81.68846515638558,2022,"{""type"":""MultiPoint"",""coordinates"":[]}"
391_0,2.372640679914646,46.67633187473665,-73.09695469040231,2022,"{""type"":""MultiPoint"",""coordinates"":[]}"
392_0,2.1960670951628107,35.50483670789476,-118.10444378366421,2022,"{""type"":""MultiPoint"",""coordinates"":[]}"
393_0,3.1721755613135914,44.61515001285523,-88.97177992850227,2022,"{""type"":""MultiPoint"",""coordinates"":[]}"
394_0,4.6563899896231815,44.64746275263424,-102.36696377573558,2022,"{""type"":""MultiPoint"",""coordinates"":[]}"
395_0,2.411039014004354,37.38427282445306,-117.17605840900526,2022,"{""type"":""MultiPoint"",""coordinates"":[]}"
397_0,2.3916666473934116,26.74705372666867,-109.43147164977535,2022,"{""type"":""MultiPoint"",""coordinates"":[]}"
399_0,4.456326096393771,34.327194168918155,-99.35949919059654,2022,"{""type"":""MultiPoint"",""coordinates"":[]}"
400_0,4.861898408240801,45.656908960865024,-103.05043971531823,2022,"{""type"":""MultiPoint"",""coordinates"":[]}"
401_0,2.5422292746827977,49.22916040311764,-92.6430424291878,2022,"{""type"":""MultiPoint"",""coordinates"":[]}"
402_0,4.3184927744222374,37.57759283938299,-99.3877898228819,2022,"{""type"":""MultiPoint"",""coordinates"":[]}"
403_0,2.460725969929124,46.998339954039274,-76.18911390433419,2022,"{""type"":""MultiPoint"",""coordinates"":[]}"
405_0,1.5440373271408943,39.94151048372664,-121.25029586889895,2022,"{""type"":""MultiPoint"",""coordinates"":[]}"
406_0,2.4875579937991366,46.83587913960376,-83.52464066555366,2022,"{""type"":""MultiPoint"",""coordinates"":[]}"
408_0,4.145124164258285,45.5757109290707,-98.30131704662355,2022,"{""type"":""MultiPoint"",""coordinates"":[]}"
409_0,3.022308925617967,42.55161532049413,-85.13216133086596,2022,"{""type"":""MultiPoint"",""coordinates"":[]}"
410_0,3.7724703804903688,42.995680715549454,-119.4021118854268,2022,"{""type"":""MultiPoint"",""coordinates"":[]}"
413_0,1.1854323613507893,47.13277476135365,-114.31824692699541,2022,"{""type"":""MultiPoint"",""coordinates"":[]}"
414_0,1.882817950983534,33.7390539700955,-109.42083801411648,2022,"{""type"":""MultiPoint"",""coordinates"":[]}"
416_0,4.309064704414241,32.20024829049263,-108.07816610143783,2022,"{""type"":""MultiPoint"",""coordinates"":[]}"
417_0,4.079289905243641,42.852012425752804,-107.65692784872799,2022,"{""type"":""MultiPoint"",""coordinates"":[]}"
418_0,2.325099903795234,42.476350036631125,-110.28435901424203,2022,"{""type"":""MultiPoint"",""coordinates"":[]}"
419_0,3.8465752353076557,47.78316392299867,-97.5111657468819,2022,"{""type"":""MultiPoint"",""coordinates"":[]}"
420_0,1.3729024339245024,38.87874424538239,-107.12345424074533,2022,"{""type"":""MultiPoint"",""coordinates"":[]}"
422_0,3.8314735649523617,41.57547836395881,-91.33880845338552,2022,"{""type"":""MultiPoint"",""coordinates"":[]}"
424_0,2.478498383658879,42.394467061031555,-77.56628692935412,2022,"{""type"":""MultiPoint"",""coordinates"":[]}"
428_0,2.3957581685623515,37.328319667538594,-93.38247709410773,2022,"{""type"":""MultiPoint"",""coordinates"":[]}"
429_0,2.908835057428047,26.000415504943454,-102.61413013139618,2022,"{""type"":""MultiPoint"",""coordinates"":[]}"
430_0,2.4859580435276043,40.582594725654076,-78.97794634684868,2022,"{""type"":""MultiPoint"",""coordinates"":[]}"
432_0,4.583071435503291,30.439015520863308,-102.27803932657119,2022,"{""type"":""MultiPoint"",""coordinates"":[]}"
433_0,2.867572022127268,34.10621983764152,-108.90042907263245,2022,"{""type"":""MultiPoint"",""coordinates"":[]}"
434_0,3.692662585889213,40.11816119965464,-84.43017462184085,2022,"{""type"":""MultiPoint"",""coordinates"":[]}"
435_0,3.346043584250983,29.140454323878377,-95.49532843947281,2022,"{""type"":""MultiPoint"",""coordinates"":[]}"
438_0,3.3811448752036553,26.41357500570518,-104.16010262641532,2022,"{""type"":""MultiPoint"",""coordinates"":[]}"
439_0,4.183423634256154,37.76807396943261,-103.7211745929662,2022,"{""type"":""MultiPoint"",""coordinates"":[]}"
440_0,2.641039154835499,49.18109615697144,-91.78953634311566,2022,"{""type"":""MultiPoint"",""coordinates"":[]}"
441_0,2.5241659453365557,35.65777218208924,-76.28564738157301,2022,"{""type"":""MultiPoint"",""coordinates"":[]}"
442_0,4.101782537353687,42.30711362454513,-79.66111584625702,2022,"{""type"":""MultiPoint"",""coordinates"":[]}"
443_0,2.545989440380111,46.2115867577856,-91.70710441412514,2022,"{""type"":""MultiPoint"",""coordinates"":[]}"
444_0,4.260025076967004,38.531216504265736,-99.52433721912672,2022,"{""type"":""MultiPoint"",""coordinates"":[]}"
447_0,2.9808243176275346,28.249782355352856,-103.35577748400166,2022,"{""type"":""MultiPoint"",""coordinates"":[]}"
448_0,3.464564654059778,47.13316633234351,-94.72070280886926,2022,"{""type"":""MultiPoint"",""coordinates"":[]}"
449_0,3.0128373023058983,45.72862757051496,-109.11548842202303,2022,"{""type"":""MultiPoint"",""coordinates"":[]}"
452_0,4.2895720830523345,38.57428788631156,-98.65779595112748,2022,"{""type"":""MultiPoint"",""coordinates"":[]}"
453_0,4.302062662911534,34.00835920913078,-104.5172327656824,2022,"{""type"":""MultiPoint"",""coordinates"":[]}"
455_0,3.2429929676380604,29.67705005940368,-103.3433708147185,2022,"{""type"":""MultiPoint"",""coordinates"":[]}"
457_0,3.506366340811811,33.09168135412139,-97.3982856209984,2022,"{""type"":""MultiPoint"",""coordinates"":[]}"
459_0,2.8030850809667345,38.76888838767752,-87.99396124072555,2022,"{""type"":""MultiPoint"",""coordinates"":[]}"
460_0,4.344018821796102,45.283699594579666,-99.2605690136939,2022,"{""type"":""MultiPoint"",""coordinates"":[]}"
462_0,2.9222728363167723,25.416291043515944,-111.4693355108643,2022,"{""type"":""MultiPoint"",""coordinates"":[]}"
463_0,2.6135186281642095,28.54230124315864,-81.77191762318702,2022,"{""type"":""MultiPoint"",""coordinates"":[]}"
464_0,1.876658553362549,38.26836762187847,-79.29472536207635,2022,"{""type"":""MultiPoint"",""coordinates"":[]}"
466_0,2.7156432482854225,38.135930211166176,-88.32688750102372,2022,"{""type"":""MultiPoint"",""coordinates"":[]}"
467_0,2.1687748733013046,33.3156698331115,-115.82547758753924,2022,"{""type"":""MultiPoint"",""coordinates"":[]}"
468_0,4.0000192719310235,32.41009469626629,-98.44174600169521,2022,"{""type"":""MultiPoint"",""coordinates"":[]}"
469_0,2.685481615647342,33.941843804004755,-84.38193027012933,2022,"{""type"":""MultiPoint"",""coordinates"":[]}"
470_0,4.737402958914424,41.23726357570691,-101.35960483941679,2022,"{""type"":""MultiPoint"",""coordinates"":[]}"
471_0,1.752653237970192,44.37027510286485,-112.8063489930604,2022,"{""type"":""MultiPoint"",""coordinates"":[]}"
473_0,5.6334848096528765,42.858467632873904,-79.36577799729353,2022,"{""type"":""MultiPoint"",""coordinates"":[]}"
474_0,4.013239377799105,32.477507316944816,-97.75412876454962,2022,"{""type"":""MultiPoint"",""coordinates"":[]}"
476_0,4.6763874179626805,31.334814863438183,-102.04755244192,2022,"{""type"":""MultiPoint"",""coordinates"":[]}"
477_0,2.261238352314185,41.92310791876631,-117.77235673128922,2022,"{""type"":""MultiPoint"",""coordinates"":[]}"
478_0,4.110108362015173,44.12925369936405,-104.54831271952638,2022,"{""type"":""MultiPoint"",""coordinates"":[]}"
480_0,4.0841557263327255,48.79884549655453,-104.3522073407336,2022,"{""type"":""MultiPoint"",""coordinates"":[]}"
481_0,1.9393954306136205,32.58029030666304,-88.27115329092923,2022,"{""type"":""MultiPoint"",""coordinates"":[]}"
482_0,2.2892743710136716,38.392438680459605,-92.55830724166593,2022,"{""type"":""MultiPoint"",""coordinates"":[]}"
483_0,2.082720813491643,27.20822853293422,-101.48706628162554,2022,"{""type"":""MultiPoint"",""coordinates"":[]}"
484_0,4.9811970638119005,31.566130052726844,-101.76809698777768,2022,"{""type"":""MultiPoint"",""coordinates"":[]}"
486_0,2.4826405123927917,30.389112876173815,-89.67697494293947,2022,"{""type"":""MultiPoint"",""coordinates"":[]}"
487_0,2.2038313089173136,43.78185154637488,-112.40585728440901,2022,"{""type"":""MultiPoint"",""coordinates"":[]}"
489_0,2.695499484537712,39.85926410590189,-109.60285359560841,2022,"{""type"":""MultiPoint"",""coordinates"":[]}"
493_0,4.880408456729404,35.016951116754406,-105.18842979989464,2022,"{""type"":""MultiPoint"",""coordinates"":[]}"
494_0,3.9368505802754488,41.77928889864044,-106.34817571305187,2022,"{""type"":""MultiPoint"",""coordinates"":[]}"
495_0,2.1412882340823565,41.70613203282182,-73.81413644893257,2022,"{""type"":""MultiPoint"",""coordinates"":[]}"
498_0,2.409288220788726,36.5416430712702,-77.24943988704754,2022,"{""type"":""MultiPoint"",""coordinates"":[]}"
500_0,3.145468783977022,35.80331175843362,-90.30974113147734,2022,"{""type"":""MultiPoint"",""coordinates"":[]}"
503_0,4.624280728693118,43.99010227765062,-101.8998112061711,2022,"{""type"":""MultiPoint"",""coordinates"":[]}"
504_0,3.6823021030051843,43.52682144642856,-120.13841656291925,2022,"{""type"":""MultiPoint"",""coordinates"":[]}"
505_0,1.9367819482202164,24.89421684139073,-99.70569653058931,2022,"{""type"":""MultiPoint"",""coordinates"":[]}"
506_0,3.055193059407779,32.13015106379242,-111.79194596148204,2022,"{""type"":""MultiPoint"",""coordinates"":[]}"
507_0,2.6111399083781186,47.866591489030235,-83.77375630879267,2022,"{""type"":""MultiPoint"",""coordinates"":[]}"
509_0,3.4375095489679226,31.19548070633809,-106.41840411195457,2022,"{""type"":""MultiPoint"",""coordinates"":[]}"
510_0,1.5001654580938786,48.218934675428876,-117.59072286184715,2022,"{""type"":""MultiPoint"",""coordinates"":[]}"
511_0,1.5665047071123581,47.08947902582044,-115.23679969817832,2022,"{""type"":""MultiPoint"",""coordinates"":[]}"
512_0,2.005503495656358,33.95085032047728,-83.19012910224353,2022,"{""type"":""MultiPoint"",""coordinates"":[]}"
514_0,3.5352091983075513,35.041015901627155,-109.02598215489446,2022,"{""type"":""MultiPoint"",""coordinates"":[]}"
516_0,2.283785544928098,37.48097963101004,-90.00565440615192,2022,"{""type"":""MultiPoint"",""coordinates"":[]}"
517_0,2.656229875686923,48.2880668941355,-91.65362435428403,2022,"{""type"":""MultiPoint"",""coordinates"":[]}"
518_0,2.6114192718614544,46.53043248702873,-89.72968887366216,2022,"{""type"":""MultiPoint"",""coordinates"":[]}"
520_0,2.5461707089531926,33.60893725717147,-79.77273963027179,2022,"{""type"":""MultiPoint"",""coordinates"":[]}"
521_0,4.67446975170014,37.24788798862465,-103.07097266456404,2022,"{""type"":""MultiPoint"",""coordinates"":[]}"
522_0,2.0268622834775596,33.846217100389346,-89.06075204337269,2022,"{""type"":""MultiPoint"",""coordinates"":[]}"
524_0,3.3827772483788183,42.353624817480636,-89.40362634407114,2022,"{""type"":""MultiPoint"",""coordinates"":[]}"
525_0,2.4325413297549026,35.89617617103288,-94.92063193377349,2022,"{""type"":""MultiPoint"",""coordinates"":[]}"
526_0,1.6096451251297588,30.422865005253083,-109.1916639523439,2022,"{""type"":""MultiPoint"",""coordinates"":[]}"
527_0,2.290454938001325,33.40355375451662,-94.41590066909852,2022,"{""type"":""MultiPoint"",""coordinates"":[]}"
528_0,1.628987957546005,38.48958672569257,-108.87124543428052,2022,"{""type"":""MultiPoint"",""coordinates"":[]}"
529_0,2.9014034641983306,45.042052272725805,-88.0850470340251,2022,"{""type"":""MultiPoint"",""coordinates"":[]}"
531_0,1.4876346447238182,35.80500427753509,-117.02426166233072,2022,"{""type"":""MultiPoint"",""coordinates"":[]}"
532_0,2.06768203816686,40.276475728444495,-77.95620955009707,2022,"{""type"":""MultiPoint"",""coordinates"":[]}"
533_0,2.070151464392855,38.582258463482155,-81.64666126433721,2022,"{""type"":""MultiPoint"",""coordinates"":[]}"
538_0,4.492434911724156,26.649918785772236,-112.94688657892473,2022,"{""type"":""MultiPoint"",""coordinates"":[]}"
539_0,1.4670864163633788,27.94909772916701,-109.9350482148765,2022,"{""type"":""MultiPoint"",""coordinates"":[]}"
540_0,3.9484388254598954,32.38895270553169,-108.3822320495648,2022,"{""type"":""MultiPoint"",""coordinates"":[]}"
542_0,4.653293693420398,46.40915198278432,-100.30440920560966,2022,"{""type"":""MultiPoint"",""coordinates"":[]}"
543_0,2.479749114299599,47.64980643845884,-76.78224214865229,2022,"{""type"":""MultiPoint"",""coordinates"":[]}"
544_0,5.181614878780854,47.246671691764504,-107.17491564852814,2022,"{""type"":""MultiPoint"",""coordinates"":[]}"
545_0,3.085891489273318,44.1924871314836,-83.87625046062875,2022,"{""type"":""MultiPoint"",""coordinates"":[]}"
546_0,1.7439459528312447,37.90320309470032,-119.72598897854598,2022,"{""type"":""MultiPoint"",""coordinates"":[]}"
548_0,3.886047524740592,35.29695779109184,-103.82741430837167,2022,"{""type"":""MultiPoint"",""coordinates"":[]}"
549_0,3.55978609899378,49.369514226916145,-112.08162340403811,2022,"{""type"":""MultiPoint"",""coordinates"":[]}"
550_0,2.058802599322271,33.68177588637721,-93.0563687035787,2022,"{""type"":""MultiPoint"",""coordinates"":[]}"
551_0,4.720787136726466,40.48256845310674,-101.95457155525011,2022,"{""type"":""MultiPoint"",""coordinates"":[]}"
552_0,3.1316425992590067,28.944890948480964,-95.9089133720221,2022,"{""type"":""MultiPoint"",""coordinates"":[]}"
553_0,2.04194693482121,26.250484977880404,-105.74020207814726,2022,"{""type"":""MultiPoint"",""coordinates"":[]}"
554_0,3.9894860835724337,28.283748577489924,-98.37958450397362,2022,"{""type"":""MultiPoint"",""coordinates"":[]}"
556_0,3.864223941739082,31.525523049686267,-97.53631475627563,2022,"{""type"":""MultiPoint"",""coordinates"":[]}"
557_0,2.856750824916338,27.06460648793872,-109.94880985784721,2022,"{""type"":""MultiPoint"",""coordinates"":[]}"
558_0,3.4894704224282957,29.713387785930188,-96.23529495151419,2022,"{""type"":""MultiPoint"",""coordinates"":[]}"
559_0,2.834765388677608,48.72038155204372,-74.59032869780137,2022,"{""type"":""MultiPoint"",""coordinates"":[]}"
560_0,2.614468840141015,32.737362462045496,-91.66340533319415,2022,"{""type"":""MultiPoint"",""coordinates"":[]}"
563_0,2.020604031183212,44.094176750820495,-111.75039391645811,2022,"{""type"":""MultiPoint"",""coordinates"":[]}"
565_0,2.2423115225793153,33.230924054833814,-94.58969133167116,2022,"{""type"":""MultiPoint"",""coordinates"":[]}"
566_0,3.156602994875577,42.99799843108152,-84.25900964571974,2022,"{""type"":""MultiPoint"",""coordinates"":[]}"
567_0,4.538139459479287,34.93835992548386,-101.58009421516032,2022,"{""type"":""MultiPoint"",""coordinates"":[]}"
568_0,2.1896479932709,36.59358300384472,-84.96687891405992,2022,"{""type"":""MultiPoint"",""coordinates"":[]}"
569_0,2.2705362452905553,40.329380927668964,-75.47219179515396,2022,"{""type"":""MultiPoint"",""coordinates"":[]}"
570_0,2.6149678886650722,45.96828473383626,-118.59455668329086,2022,"{""type"":""MultiPoint"",""coordinates"":[]}"
571_0,1.9040988550583753,35.045958203315344,-85.93926673388374,2022,"{""type"":""MultiPoint"",""coordinates"":[]}"
572_0,4.955034544845086,45.93033298598004,-101.05224421158535,2022,"{""type"":""MultiPoint"",""coordinates"":[]}"
573_0,4.6981408872137465,47.970195408356716,-99.86131613338185,2022,"{""type"":""MultiPoint"",""coordinates"":[]}"
574_0,2.0857302854194906,34.07733600809264,-87.27080053638174,2022,"{""type"":""MultiPoint"",""coordinates"":[]}"
575_0,2.293849168098602,44.58470294090149,-110.59570226138293,2022,"{""type"":""MultiPoint"",""coordinates"":[]}"
576_0,2.2880496066379727,46.04522377890468,-77.87979727049732,2022,"{""type"":""MultiPoint"",""coordinates"":[]}"
578_0,2.1896802800909088,40.39884777258086,-75.88320985317158,2022,"{""type"":""MultiPoint"",""coordinates"":[]}"
579_0,3.7144460449371923,31.961932534444667,-96.42358565868078,2022,"{""type"":""MultiPoint"",""coordinates"":[]}"
582_0,4.389794262778094,29.433787766398332,-100.85622531908992,2022,"{""type"":""MultiPoint"",""coordinates"":[]}"
583_0,4.315797017697162,43.730907998801115,-98.38396340146798,2022,"{""type"":""MultiPoint"",""coordinates"":[]}"
584_0,2.477758994744457,46.21166233170124,-68.0449701627619,2022,"{""type"":""MultiPoint"",""coordinates"":[]}"
585_0,4.566354171036357,33.789167277020866,-99.87386681249376,2022,"{""type"":""MultiPoint"",""coordinates"":[]}"
586_0,3.4104818329623208,30.804065478970745,-106.78569894971827,2022,"{""type"":""MultiPoint"",""coordinates"":[]}"
587_0,3.2242747301347117,35.158117509061526,-111.44960079886152,2022,"{""type"":""MultiPoint"",""coordinates"":[]}"
588_0,2.7144876355416505,48.31256909255624,-74.71330996048839,2022,"{""type"":""MultiPoint"",""coordinates"":[]}"
591_0,2.4179319647932203,31.525011336746594,-84.38104261531075,2022,"{""type"":""MultiPoint"",""coordinates"":[]}"
592_0,3.9258073205572344,30.264203508974322,-86.03039181283623,2022,"{""type"":""MultiPoint"",""coordinates"":[]}"
594_0,3.7110078098080286,29.474035292525784,-115.02427363293735,2022,"{""type"":""MultiPoint"",""coordinates"":[]}"
596_0,3.538857041443183,49.13127617071709,-100.50542857750087,2022,"{""type"":""MultiPoint"",""coordinates"":[]}"
598_0,3.2333218530196493,47.236802248852776,-96.86894450094164,2022,"{""type"":""MultiPoint"",""coordinates"":[]}"
599_0,1.4585549880675739,28.85733049039479,-108.5685427493732,2022,"{""type"":""MultiPoint"",""coordinates"":[]}"
601_0,2.6305075422685484,32.151421789570975,-83.66494690313714,2022,"{""type"":""MultiPoint"",""coordinates"":[]}"
602_0,3.354258586289512,39.8411739561096,-104.4948032965724,2022,"{""type"":""MultiPoint"",""coordinates"":[]}"
604_0,2.6037658910379995,46.54840268082298,-79.69447299222749,2022,"{""type"":""MultiPoint"",""coordinates"":[]}"
605_0,2.051407762182451,33.807505708871886,-93.60358386063841,2022,"{""type"":""MultiPoint"",""coordinates"":[]}"
606_0,4.985795907055633,46.4724632801368,-103.9353437252639,2022,"{""type"":""MultiPoint"",""coordinates"":[]}"
607_0,3.588903921539979,29.10116943558452,-98.12681406146436,2022,"{""type"":""MultiPoint"",""coordinates"":[]}"
609_0,2.1964311817089435,35.715928944416994,-116.0169676247745,2022,"{""type"":""MultiPoint"",""coordinates"":[]}"
610_0,2.7992115382579357,35.11341265885193,-78.49807075666102,2022,"{""type"":""MultiPoint"",""coordinates"":[]}"
611_0,3.61502069389215,30.019830964046587,-97.18407387570727,2022,"{""type"":""MultiPoint"",""coordinates"":[]}"
613_0,2.8117813831131833,38.597765592889516,-87.8459986758025,2022,"{""type"":""MultiPoint"",""coordinates"":[]}"
614_0,2.06399286183133,25.033619615487787,-101.23653884552748,2022,"{""type"":""MultiPoint"",""coordinates"":[]}"
615_0,2.034100992424227,32.31289808413735,-115.64714206934737,2022,"{""type"":""MultiPoint"",""coordinates"":[]}"
616_0,1.9856248913077987,36.70672810392599,-79.92000370958378,2022,"{""type"":""MultiPoint"",""coordinates"":[]}"
617_0,2.4354247007188583,37.03744848551192,-115.7157337776917,2022,"{""type"":""MultiPoint"",""coordinates"":[]}"
618_0,2.1353347590231757,35.69811088041571,-105.37767348650922,2022,"{""type"":""MultiPoint"",""coordinates"":[]}"
619_0,3.089420196353585,42.64899048607054,-85.65796574212305,2022,"{""type"":""MultiPoint"",""coordinates"":[]}"
620_0,2.6836683208734797,37.75672628294817,-87.162288736849,2022,"{""type"":""MultiPoint"",""coordinates"":[]}"
621_0,3.6430517995558827,49.18810147303133,-68.544677488465,2022,"{""type"":""MultiPoint"",""coordinates"":[]}"
622_0,2.786488894720458,33.82228723271365,-80.54539446379022,2022,"{""type"":""MultiPoint"",""coordinates"":[]}"
623_0,5.107500802632063,46.205173529008086,-103.28375617710812,2022,"{""type"":""MultiPoint"",""coordinates"":[]}"
625_0,4.303462191171105,47.856141070221796,-104.09919234555132,2022,"{""type"":""MultiPoint"",""coordinates"":[]}"
626_0,2.3638758960745445,41.398114622131985,-79.62602991015497,2022,"{""type"":""MultiPoint"",""coordinates"":[]}"
627_0,2.2158405454017753,32.39759563279379,-93.27760804824435,2022,"{""type"":""MultiPoint"",""coordinates"":[]}"
629_0,2.3775285272486233,36.66434092677276,-114.05976272955361,2022,"{""type"":""MultiPoint"",""coordinates"":[]}"
630_0,2.2990888755793457,38.95701938386658,-111.28062174802383,2022,"{""type"":""MultiPoint"",""coordinates"":[]}"
631_0,4.288554288013042,48.87028128871792,-102.95943331723831,2022,"{""type"":""MultiPoint"",""coordinates"":[]}"
633_0,2.598993235569562,35.03070903500936,-112.88024055912912,2022,"{""type"":""MultiPoint"",""coordinates"":[]}"
639_0,5.228134048034779,46.9736182772299,-84.70664809335389,2022,"{""type"":""MultiPoint"",""coordinates"":[]}"
645_0,1.617823349087657,38.33829705863694,-112.39613915498315,2022,"{""type"":""MultiPoint"",""coordinates"":[]}"
646_0,4.3513500148690305,26.889494304665764,-99.79014749644308,2022,"{""type"":""MultiPoint"",""coordinates"":[]}"
648_0,1.4278140959860073,47.89057688229415,-113.7314792241111,2022,"{""type"":""MultiPoint"",""coordinates"":[]}"
649_0,1.102663623655694,37.18917712834409,-118.87773245349906,2022,"{""type"":""MultiPoint"",""coordinates"":[]}"
650_0,2.6153098786664457,47.408161433655465,-76.54303123845801,2022,"{""type"":""MultiPoint"",""coordinates"":[]}"
652_0,2.722821043084369,34.33543984160707,-91.52370276023413,2022,"{""type"":""MultiPoint"",""coordinates"":[]}"
653_0,4.778008160460399,43.165429980316745,-100.92021125186395,2022,"{""type"":""MultiPoint"",""coordinates"":[]}"
654_0,2.620290357605287,48.54066710014609,-75.71912032694146,2022,"{""type"":""MultiPoint"",""coordinates"":[]}"
655_0,1.7744314959594416,44.85321555865319,-119.8804430724642,2022,"{""type"":""MultiPoint"",""coordinates"":[]}"
656_0,3.4546556399719677,40.722334368649655,-90.4751602922562,2022,"{""type"":""MultiPoint"",""coordinates"":[]}"
657_0,3.2226071647084296,26.80042658595421,-105.1517491976046,2022,"{""type"":""MultiPoint"",""coordinates"":[]}"
658_0,1.6654498800844633,44.44613325404688,-123.21145287382042,2022,"{""type"":""MultiPoint"",""coordinates"":[]}"
659_0,2.168619051509171,33.38523682177114,-86.37128293461929,2022,"{""type"":""MultiPoint"",""coordinates"":[]}"
660_0,4.284585168894316,43.926991557904444,-99.07419695971988,2022,"{""type"":""MultiPoint"",""coordinates"":[]}"
662_0,4.039075993699844,37.52094984907273,-97.16997004095865,2022,"{""type"":""MultiPoint"",""coordinates"":[]}"
663_0,4.0847511073898835,36.681878697466416,-98.44768928621926,2022,"{""type"":""MultiPoint"",""coordinates"":[]}"
664_0,4.939362614061543,27.79251673230985,-114.851498874687,2022,"{""type"":""MultiPoint"",""coordinates"":[]}"
667_0,2.067275309868012,38.88166532281381,-82.68588439228637,2022,"{""type"":""MultiPoint"",""coordinates"":[]}"
668_0,3.7201707016645926,41.46010176409029,-85.68408482631081,2022,"{""type"":""MultiPoint"",""coordinates"":[]}"
670_0,1.6452360095069647,36.541967273801596,-120.82319569298913,2022,"{""type"":""MultiPoint"",""coordinates"":[]}"
671_0,2.553853333315095,26.117770470533213,-80.84549398662305,2022,"{""type"":""MultiPoint"",""coordinates"":[]}"
672_0,2.803219003118476,38.9189295985579,-89.748007054341,2022,"{""type"":""MultiPoint"",""coordinates"":[]}"
674_0,3.8294805275780464,47.87419289810869,-97.603029872449,2022,"{""type"":""MultiPoint"",""coordinates"":[]}"
678_0,2.4020453008673743,29.06660902312991,-106.98340116735834,2022,"{""type"":""MultiPoint"",""coordinates"":[]}"
679_0,4.545096171675563,42.45940195500347,-108.05198569856996,2022,"{""type"":""MultiPoint"",""coordinates"":[]}"
681_0,1.9996410180397788,44.10458821054792,-107.7740634409227,2022,"{""type"":""MultiPoint"",""coordinates"":[]}"
683_0,1.5691966091111358,36.94474829252146,-119.19485688675333,2022,"{""type"":""MultiPoint"",""coordinates"":[]}"
684_0,2.239093107898776,35.85628205987388,-78.7311023175175,2022,"{""type"":""MultiPoint"",""coordinates"":[]}"
685_0,5.0245884208124485,45.31557862493431,-104.17525536890177,2022,"{""type"":""MultiPoint"",""coordinates"":[]}"
686_0,4.365447148911221,43.303745684263205,-97.00472077956901,2022,"{""type"":""MultiPoint"",""coordinates"":[]}"
687_0,2.6283038907361393,43.56580131202413,-113.56996168334537,2022,"{""type"":""MultiPoint"",""coordinates"":[]}"
690_0,1.5059771249974927,47.94793816024205,-113.60404660153125,2022,"{""type"":""MultiPoint"",""coordinates"":[]}"
692_0,2.0779010982176733,44.435824341455834,-117.33183225083981,2022,"{""type"":""MultiPoint"",""coordinates"":[]}"
693_0,2.3962834230040775,36.21209931087054,-94.11850018855299,2022,"{""type"":""MultiPoint"",""coordinates"":[]}"
695_0,2.7497956836541464,33.7539617763082,-91.09446614698972,2022,"{""type"":""MultiPoint"",""coordinates"":[]}"
697_0,2.404478855693933,28.151198121046633,-105.5604600057062,2022,"{""type"":""MultiPoint"",""coordinates"":[]}"
698_0,4.927299602523513,43.388335736537044,-105.91987916754344,2022,"{""type"":""MultiPoint"",""coordinates"":[]}"
699_0,2.222255544018807,38.17276897506051,-86.33178130975372,2022,"{""type"":""MultiPoint"",""coordinates"":[]}"
700_0,1.9081966026043153,37.20054417022054,-79.6413093901565,2022,"{""type"":""MultiPoint"",""coordinates"":[]}"
701_0,2.510393981515689,46.2994342026414,-67.17578497636778,2022,"{""type"":""MultiPoint"",""coordinates"":[]}"
702_0,4.27686477996001,42.95642413179525,-106.17899464441943,2022,"{""type"":""MultiPoint"",""coordinates"":[]}"
703_0,2.8477490247149886,34.10080525269018,-78.53186941471735,2022,"{""type"":""MultiPoint"",""coordinates"":[]}"
704_0,2.993899066080798,44.93532829233105,-89.19296258325392,2022,"{""type"":""MultiPoint"",""coordinates"":[]}"
706_0,3.1297452440420046,35.64170614894335,-111.01321184963555,2022,"{""type"":""MultiPoint"",""coordinates"":[]}"
708_0,2.577636258252065,48.93378884103558,-75.70789127890569,2022,"{""type"":""MultiPoint"",""coordinates"":[]}"
709_0,2.7267270781308324,41.87186790246163,-117.34151001873107,2022,"{""type"":""MultiPoint"",""coordinates"":[]}"
710_0,1.957570039071556,30.927504405243663,-86.79669851800618,2022,"{""type"":""MultiPoint"",""coordinates"":[]}"
712_0,4.544582822338744,41.71900150287134,-86.78086983890552,2022,"{""type"":""MultiPoint"",""coordinates"":[]}"
713_0,2.090593825334965,39.612907725949505,-113.77982448706159,2022,"{""type"":""MultiPoint"",""coordinates"":[]}"
714_0,3.660399351879846,25.4233828033264,-81.1521031222356,2022,"{""type"":""MultiPoint"",""coordinates"":[]}"
719_0,1.6043683324777953,39.578252050625316,-111.72003706093065,2022,"{""type"":""MultiPoint"",""coordinates"":[]}"
721_0,2.1425208414488828,30.431249423560782,-85.26325702611997,2022,"{""type"":""MultiPoint"",""coordinates"":[]}"
722_0,2.1687364513643455,34.00441517301211,-109.81327100519138,2022,"{""type"":""MultiPoint"",""coordinates"":[]}"
723_0,4.130614779664808,47.76068362555034,-107.97716061613431,2022,"{""type"":""MultiPoint"",""coordinates"":[]}"
725_0,1.8264882300289154,37.40923160912365,-79.25898594168962,2022,"{""type"":""MultiPoint"",""coordinates"":[]}"
726_0,1.9186698006576222,44.24415654781175,-121.54210995984346,2022,"{""type"":""MultiPoint"",""coordinates"":[]}"
729_0,2.0505839731276745,33.2506618925656,-87.286254937012,2022,"{""type"":""MultiPoint"",""coordinates"":[]}"
730_0,3.4262994658008306,38.51043837959278,-95.3222754022778,2022,"{""type"":""MultiPoint"",""coordinates"":[]}"
731_0,1.7126378298840976,28.490176909805527,-110.40144779507011,2022,"{""type"":""MultiPoint"",""coordinates"":[]}"
732_0,2.262950901881345,32.32233769137463,-86.39256503930787,2022,"{""type"":""MultiPoint"",""coordinates"":[]}"
736_0,2.581705911158421,31.492411194285474,-83.06821708194533,2022,"{""type"":""MultiPoint"",""coordinates"":[]}"
737_0,3.0912137593177516,42.92151599953043,-117.49571838224362,2022,"{""type"":""MultiPoint"",""coordinates"":[]}"
738_0,3.501496008111343,39.74501260459239,-94.13373925471628,2022,"{""type"":""MultiPoint"",""coordinates"":[]}"
739_0,2.7756801894156196,26.602440532438333,-112.52663261959073,2022,"{""type"":""MultiPoint"",""coordinates"":[]}"
740_0,3.6601746546347877,29.73258069491849,-91.67061470484997,2022,"{""type"":""MultiPoint"",""coordinates"":[]}"
742_0,3.5392491935996038,29.029285235773838,-113.83166207818037,2022,"{""type"":""MultiPoint"",""coordinates"":[]}"
743_0,1.209259464871842,47.75021879443663,-123.84303601098668,2022,"{""type"":""MultiPoint"",""coordinates"":[]}"
744_0,2.416183698759151,34.446961950265326,-110.99785661056376,2022,"{""type"":""MultiPoint"",""coordinates"":[]}"
745_0,1.8781027312752767,36.25164049382486,-121.07530922054379,2022,"{""type"":""MultiPoint"",""coordinates"":[]}"
746_0,3.7160714289688275,48.659328710656446,-107.61661410792046,2022,"{""type"":""MultiPoint"",""coordinates"":[]}"
747_0,2.21518984804694,38.413045844775596,-116.0855764569713,2022,"{""type"":""MultiPoint"",""coordinates"":[]}"
748_0,1.925352387410389,33.01567707659993,-88.09114622712114,2022,"{""type"":""MultiPoint"",""coordinates"":[]}"
749_0,2.261018735160894,31.43023317123471,-94.27310183827329,2022,"{""type"":""MultiPoint"",""coordinates"":[]}"
751_0,5.00301851197095,46.8314404563951,-103.36314337538933,2022,"{""type"":""MultiPoint"",""coordinates"":[]}"
753_0,3.7835315786312,41.80610729129108,-109.69547240918502,2022,"{""type"":""MultiPoint"",""coordinates"":[]}"
754_0,1.7956671810743337,39.72979938733751,-108.14553382392229,2022,"{""type"":""MultiPoint"",""coordinates"":[]}"
755_0,3.9639245764196174,31.917204865237657,-97.29034931247212,2022,"{""type"":""MultiPoint"",""coordinates"":[]}"
756_0,3.1239223796294064,24.460539720807315,-102.08679427078222,2022,"{""type"":""MultiPoint"",""coordinates"":[]}"
759_0,2.5740307605421844,46.42891131574366,-68.17572102503637,2022,"{""type"":""MultiPoint"",""coordinates"":[]}"
760_0,2.500344247224177,41.74046093743303,-117.51817321857025,2022,"{""type"":""MultiPoint"",""coordinates"":[]}"
761_0,4.190381624883031,38.894394655665586,-103.48445891688876,2022,"{""type"":""MultiPoint"",""coordinates"":[]}"
762_0,4.058715708081358,40.95265061858379,-88.693132483618,2022,"{""type"":""MultiPoint"",""coordinates"":[]}"
763_0,2.145067137628539,36.523291563390345,-92.99969309279567,2022,"{""type"":""MultiPoint"",""coordinates"":[]}"
765_0,1.6553403658608443,39.5866458464134,-108.21058302990741,2022,"{""type"":""MultiPoint"",""coordinates"":[]}"
766_0,6.955298259220632,42.52119753930199,-87.5355896491837,2022,"{""type"":""MultiPoint"",""coordinates"":[]}"
768_0,3.1362178770911484,29.76256888147846,-95.12646553084869,2022,"{""type"":""MultiPoint"",""coordinates"":[]}"
769_0,1.9563410435948139,31.097673476073975,-89.90269894972174,2022,"{""type"":""MultiPoint"",""coordinates"":[]}"
772_0,2.3277760631771836,33.379190081534,-109.74842274229118,2022,"{""type"":""MultiPoint"",""coordinates"":[]}"
774_0,2.9076402983548095,34.606909363563815,-115.10257253193093,2022,"{""type"":""MultiPoint"",""coordinates"":[]}"
775_0,1.820910316317624,37.53108083219158,-79.00582582171701,2022,"{""type"":""MultiPoint"",""coordinates"":[]}"
776_0,4.121947122655428,39.51982330898526,-99.05480844103865,2022,"{""type"":""MultiPoint"",""coordinates"":[]}"
778_0,2.0038216866905563,29.63790227431982,-81.62224230780905,2022,"{""type"":""MultiPoint"",""coordinates"":[]}"
781_0,2.0563077440097555,32.74956413016146,-86.09689072011639,2022,"{""type"":""MultiPoint"",""coordinates"":[]}"
782_0,5.539810628673479,41.74841838750518,-105.51696696166404,2022,"{""type"":""MultiPoint"",""coordinates"":[]}"
784_0,2.6513740856234347,47.45256378170286,-79.55723624570192,2022,"{""type"":""MultiPoint"",""coordinates"":[]}"
785_0,1.6296287300462429,38.25746336993394,-119.37328921201288,2022,"{""type"":""MultiPoint"",""coordinates"":[]}"
786_0,3.395990050072905,43.34172811211248,-112.70096511094228,2022,"{""type"":""MultiPoint"",""coordinates"":[]}"
787_0,1.9134049709874386,30.908827294689367,-82.56956060986037,2022,"{""type"":""MultiPoint"",""coordinates"":[]}"
788_0,3.33436224947921,47.492128185865226,-95.57006698448835,2022,"{""type"":""MultiPoint"",""coordinates"":[]}"
789_0,2.9057162407312993,37.615233739745726,-109.44880443653683,2022,"{""type"":""MultiPoint"",""coordinates"":[]}"
790_0,2.2327758086866707,37.943002160244085,-86.36885317242718,2022,"{""type"":""MultiPoint"",""coordinates"":[]}"
791_0,2.5609322082693207,38.734708338828305,-85.41006038210953,2022,"{""type"":""MultiPoint"",""coordinates"":[]}"
792_0,3.3127131229151394,31.544077646965107,-107.98924051703753,2022,"{""type"":""MultiPoint"",""coordinates"":[]}"
794_0,2.3827094475388577,46.34402091116946,-78.56669871286113,2022,"{""type"":""MultiPoint"",""coordinates"":[]}"
795_0,3.3035974234227727,43.56085465785056,-91.85735808159536,2022,"{""type"":""MultiPoint"",""coordinates"":[]}"
797_0,1.6573663375185037,45.837751400732444,-112.64238512393084,2022,"{""type"":""MultiPoint"",""coordinates"":[]}"
798_0,1.9676955529563505,31.054869019530233,-82.62305881541812,2022,"{""type"":""MultiPoint"",""coordinates"":[]}"
799_0,1.2485160520580025,48.10524401636559,-115.410124574142,2022,"{""type"":""MultiPoint"",""coordinates"":[]}"
800_0,2.2038330713044245,42.402932648906386,-73.55031649463724,2022,"{""type"":""MultiPoint"",""coordinates"":[]}"
801_0,3.23428270727013,40.30193226110536,-93.17868958048436,2022,"{""type"":""MultiPoint"",""coordinates"":[]}"
803_0,1.3886787488923689,48.105295913198795,-119.68519766109718,2022,"{""type"":""MultiPoint"",""coordinates"":[]}"
805_0,3.5425169403587784,40.55614595173322,-104.21087242083905,2022,"{""type"":""MultiPoint"",""coordinates"":[]}"
806_0,2.0404855597748073,33.589542727175065,-89.29607201008946,2022,"{""type"":""MultiPoint"",""coordinates"":[]}"
807_0,2.4000313150690724,40.86371038690263,-118.30555066677019,2022,"{""type"":""MultiPoint"",""coordinates"":[]}"
809_0,1.8617640718140138,40.566935072491994,-109.0841275105637,2022,"{""type"":""MultiPoint"",""coordinates"":[]}"
810_0,4.211804231653441,24.581251021388354,-77.95540732329894,2022,"{""type"":""MultiPoint"",""coordinates"":[]}"
811_0,2.4018717769150517,41.686293744193144,-113.5522986298771,2022,"{""type"":""MultiPoint"",""coordinates"":[]}"
812_0,3.6547149002586568,40.02904554208735,-86.90526828895361,2022,"{""type"":""MultiPoint"",""coordinates"":[]}"
813_0,3.747205803809489,48.041520023731515,-97.39936431468877,2022,"{""type"":""MultiPoint"",""coordinates"":[]}"
815_0,1.2728431829385947,27.031930876081887,-108.29929218864724,2022,"{""type"":""MultiPoint"",""coordinates"":[]}"
816_0,2.7598928087371153,33.70858695460081,-114.68181457684605,2022,"{""type"":""MultiPoint"",""coordinates"":[]}"
818_0,2.755608771196483,32.72675911585061,-95.6051261606995,2022,"{""type"":""MultiPoint"",""coordinates"":[]}"
819_0,4.327514897193696,43.613054130390985,-98.36045964789813,2022,"{""type"":""MultiPoint"",""coordinates"":[]}"
821_0,3.3160521888891776,26.380459302550474,-80.23998004157343,2022,"{""type"":""MultiPoint"",""coordinates"":[]}"
822_0,1.1118088302411568,26.869183931665848,-108.06995292185566,2022,"{""type"":""MultiPoint"",""coordinates"":[]}"
823_0,2.2001537923255086,43.2925810989699,-108.12829808176436,2022,"{""type"":""MultiPoint"",""coordinates"":[]}"
824_0,2.423502860298886,27.821641600639236,-81.15946614137874,2022,"{""type"":""MultiPoint"",""coordinates"":[]}"
825_0,2.1584155063553516,26.026324784856666,-105.49287855340476,2022,"{""type"":""MultiPoint"",""coordinates"":[]}"
826_0,2.430729100938269,32.145329740059644,-83.34530918630546,2022,"{""type"":""MultiPoint"",""coordinates"":[]}"
827_0,4.488270096262592,46.48316024372054,-98.68971496865169,2022,"{""type"":""MultiPoint"",""coordinates"":[]}"
828_0,1.7463476522687083,36.54966450463072,-82.07597965818633,2022,"{""type"":""MultiPoint"",""coordinates"":[]}"
831_0,2.050717072584034,41.03635669234664,-77.31738387882906,2022,"{""type"":""MultiPoint"",""coordinates"":[]}"
833_0,2.2778966361992627,47.47176309399791,-72.73018075212495,2022,"{""type"":""MultiPoint"",""coordinates"":[]}"
835_0,2.007490423404027,31.333181217936033,-86.46644576892362,2022,"{""type"":""MultiPoint"",""coordinates"":[]}"
837_0,1.8818001315570363,30.446119539749837,-84.23024422687028,2022,"{""type"":""MultiPoint"",""coordinates"":[]}"
838_0,4.506994617694354,36.25711784957152,-103.59635474399916,2022,"{""type"":""MultiPoint"",""coordinates"":[]}"
839_0,2.1595004674639275,28.76567998290607,-107.333861199747,2022,"{""type"":""MultiPoint"",""coordinates"":[]}"
841_0,4.336925054980621,45.14272280950742,-95.60564537983392,2022,"{""type"":""MultiPoint"",""coordinates"":[]}"
842_0,2.4990931023852547,46.66138644063142,-69.03056639770304,2022,"{""type"":""MultiPoint"",""coordinates"":[]}"
843_0,2.6587941347474775,30.032632936134252,-90.85681430473416,2022,"{""type"":""MultiPoint"",""coordinates"":[]}"
844_0,3.2922118946846792,36.04944395897418,-110.88407423990324,2022,"{""type"":""MultiPoint"",""coordinates"":[]}"
845_0,2.0457592322662324,30.390270832313945,-81.89013219741618,2022,"{""type"":""MultiPoint"",""coordinates"":[]}"
848_0,4.391938928561467,41.86112138849924,-96.80609025948144,2022,"{""type"":""MultiPoint"",""coordinates"":[]}"
849_0,2.081465453752634,36.78939131450012,-80.7069893824119,2022,"{""type"":""MultiPoint"",""coordinates"":[]}"
850_0,2.4825155872839657,49.3952762127293,-85.72147743940768,2022,"{""type"":""MultiPoint"",""coordinates"":[]}"
851_0,2.207525563947705,35.40246924443834,-116.37536030650757,2022,"{""type"":""MultiPoint"",""coordinates"":[]}"
852_0,4.5880016838213455,44.17413676363817,-96.53336536317818,2022,"{""type"":""MultiPoint"",""coordinates"":[]}"
853_0,1.8092908909037624,45.68700321957871,-113.50718924965169,2022,"{""type"":""MultiPoint"",""coordinates"":[]}"
854_0,3.9346956313875183,35.053723505792995,-105.9055086352481,2022,"{""type"":""MultiPoint"",""coordinates"":[]}"
855_0,1.8509794932838217,35.729493672588326,-120.05330256239391,2022,"{""type"":""MultiPoint"",""coordinates"":[]}"
857_0,1.935385020052864,34.9225858132492,-85.94474695815366,2022,"{""type"":""MultiPoint"",""coordinates"":[]}"
859_0,5.249570937138941,43.74456552716755,-105.77128564876364,2022,"{""type"":""MultiPoint"",""coordinates"":[]}"
860_0,2.4832225302042747,46.74233005997801,-77.32000180301954,2022,"{""type"":""MultiPoint"",""coordinates"":[]}"
862_0,1.885407687736443,31.891174787168033,-87.6700167835411,2022,"{""type"":""MultiPoint"",""coordinates"":[]}"
864_0,2.7516161239587866,37.52705013290493,-110.0416756653964,2022,"{""type"":""MultiPoint"",""coordinates"":[]}"
865_0,3.363859374250487,47.41410471555714,-111.34367132662314,2022,"{""type"":""MultiPoint"",""coordinates"":[]}"
866_0,2.733574556849399,31.63030809757249,-111.0698249730066,2022,"{""type"":""MultiPoint"",""coordinates"":[]}"
871_0,2.316329435341287,25.152408733900415,-102.93018604246473,2022,"{""type"":""MultiPoint"",""coordinates"":[]}"
873_0,3.846970910709019,48.41120082207432,-109.74184331904014,2022,"{""type"":""MultiPoint"",""coordinates"":[]}"
874_0,3.7513224897528916,35.464085351252756,-109.87680912075504,2022,"{""type"":""MultiPoint"",""coordinates"":[]}"
875_0,5.405696143737625,42.18812170156497,-87.79655901968364,2022,"{""type"":""MultiPoint"",""coordinates"":[]}"
876_0,3.3262638529976645,42.69225394132637,-119.4226363530662,2022,"{""type"":""MultiPoint"",""coordinates"":[]}"
877_0,3.002730523243069,39.085341588280244,-89.55020910073809,2022,"{""type"":""MultiPoint"",""coordinates"":[]}"
878_0,3.316364687536301,43.38326682480396,-113.357546077952,2022,"{""type"":""MultiPoint"",""coordinates"":[]}"
880_0,2.4749262765866984,47.97289650874466,-76.88085914640565,2022,"{""type"":""MultiPoint"",""coordinates"":[]}"
881_0,2.3582398944582956,47.888299894011446,-72.7413921366942,2022,"{""type"":""MultiPoint"",""coordinates"":[]}"
885_0,2.150439068192086,34.296116808718004,-87.33007958481483,2022,"{""type"":""MultiPoint"",""coordinates"":[]}"
886_0,2.5080022240250224,49.21113743319536,-84.56923307079037,2022,"{""type"":""MultiPoint"",""coordinates"":[]}"
888_0,2.441520324725883,47.35026161540409,-68.59822709631192,2022,"{""type"":""MultiPoint"",""coordinates"":[]}"
889_0,4.337468667746551,40.04966275712534,-96.25065343273752,2022,"{""type"":""MultiPoint"",""coordinates"":[]}"
892_0,2.104439594372368,40.78422069360893,-76.85140738430955,2022,"{""type"":""MultiPoint"",""coordinates"":[]}"
893_0,4.381430356091146,48.62191332122127,-102.95731654727389,2022,"{""type"":""MultiPoint"",""coordinates"":[]}"
894_0,2.069502129092047,34.4354761413478,-81.01746155224144,2022,"{""type"":""MultiPoint"",""coordinates"":[]}"
895_0,4.8021534379892294,42.5838314540978,-102.0945552452624,2022,"{""type"":""MultiPoint"",""coordinates"":[]}"
896_0,2.3759273084092913,41.80834567416461,-76.992846699074,2022,"{""type"":""MultiPoint"",""coordinates"":[]}"
898_0,4.176347790021129,46.19580642431075,-105.56505425053321,2022,"{""type"":""MultiPoint"",""coordinates"":[]}"
899_0,3.047779123319182,30.770117190434693,-108.07994034904416,2022,"{""type"":""MultiPoint"",""coordinates"":[]}"
900_0,2.185747410960042,35.5737090983378,-91.88714491024541,2022,"{""type"":""MultiPoint"",""coordinates"":[]}"
901_0,3.575444667118492,48.08072425500687,-108.84318200886234,2022,"{""type"":""MultiPoint"",""coordinates"":[]}"
902_0,2.4674959778573204,39.66198122459952,-76.13068547223835,2022,"{""type"":""MultiPoint"",""coordinates"":[]}"
903_0,1.1865825177776033,29.187977023582828,-109.33952431843339,2022,"{""type"":""MultiPoint"",""coordinates"":[]}"
905_0,2.040555579582047,33.02803430603397,-89.62284386856072,2022,"{""type"":""MultiPoint"",""coordinates"":[]}"
907_0,3.5395481197027023,29.17362653015412,-96.39943631248616,2022,"{""type"":""MultiPoint"",""coordinates"":[]}"
909_0,2.4909117010405084,38.80015620794504,-115.80443345890572,2022,"{""type"":""MultiPoint"",""coordinates"":[]}"
910_0,7.075580433130374,47.55507677558552,-85.92346943135547,2022,"{""type"":""MultiPoint"",""coordinates"":[]}"
912_0,2.518381412476665,46.77511256924217,-78.53776763882071,2022,"{""type"":""MultiPoint"",""coordinates"":[]}"
913_0,1.7909264712201811,25.533153227685073,-100.04470154767547,2022,"{""type"":""MultiPoint"",""coordinates"":[]}"
914_0,1.8106153636514928,29.009605987095952,-107.63314787332216,2022,"{""type"":""MultiPoint"",""coordinates"":[]}"
915_0,4.202183661010539,37.76485937423226,-100.85681511001454,2022,"{""type"":""MultiPoint"",""coordinates"":[]}"
916_0,3.504889933178061,46.22821925828389,-94.2169448027672,2022,"{""type"":""MultiPoint"",""coordinates"":[]}"
917_0,3.666966166467173,30.373388002475025,-86.83418519344055,2022,"{""type"":""MultiPoint"",""coordinates"":[]}"
919_0,2.4394868651614177,45.91442792906735,-71.60614481373852,2022,"{""type"":""MultiPoint"",""coordinates"":[]}"
920_0,2.589847453390089,42.224988106754985,-71.7268896612733,2022,"{""type"":""MultiPoint"",""coordinates"":[]}"
921_0,2.198391935428679,24.462624836950518,-104.52672608633775,2022,"{""type"":""MultiPoint"",""coordinates"":[]}"
923_0,2.1362692518132023,36.52565404812537,-91.30921442404075,2022,"{""type"":""MultiPoint"",""coordinates"":[]}"
924_0,2.7982438894563377,49.430925098827075,-113.08685190782137,2022,"{""type"":""MultiPoint"",""coordinates"":[]}"
925_0,2.699624260953193,28.29123503604132,-113.53587257621085,2022,"{""type"":""MultiPoint"",""coordinates"":[]}"
926_0,3.2802106144211383,29.31975615471086,-112.02041882049372,2022,"{""type"":""MultiPoint"",""coordinates"":[]}"
927_0,1.8549098171551177,43.458873623792364,-111.45540366705151,2022,"{""type"":""MultiPoint"",""coordinates"":[]}"
930_0,3.6104921260378973,41.55325727551147,-87.83124806309866,2022,"{""type"":""MultiPoint"",""coordinates"":[]}"
932_0,3.52055530696676,41.18347796256296,-112.73190861657193,2022,"{""type"":""MultiPoint"",""coordinates"":[]}"
933_0,2.4602436469917355,48.10881261102315,-72.32380847848908,2022,"{""type"":""MultiPoint"",""coordinates"":[]}"
934_0,4.894754915087409,46.27075461541304,-101.42443188811038,2022,"{""type"":""MultiPoint"",""coordinates"":[]}"
935_0,3.8931943641166984,32.0067428517737,-104.11708132410743,2022,"{""type"":""MultiPoint"",""coordinates"":[]}"
936_0,2.4970978014865204,49.49148009936219,-84.83055877963089,2022,"{""type"":""MultiPoint"",""coordinates"":[]}"
937_0,4.532693606340303,32.258101551050885,-99.97358170151239,2022,"{""type"":""MultiPoint"",""coordinates"":[]}"
938_0,4.95530067094656,37.475528135829265,-102.77491318804297,2022,"{""type"":""MultiPoint"",""coordinates"":[]}"
939_0,3.85883368423652,44.05217299950195,-76.2201575589671,2022,"{""type"":""MultiPoint"",""coordinates"":[]}"
940_0,2.628282136811849,41.10695228048633,-116.56927920798364,2022,"{""type"":""MultiPoint"",""coordinates"":[]}"
941_0,2.5349468315703847,37.0753539253595,-111.77335850958094,2022,"{""type"":""MultiPoint"",""coordinates"":[]}"
943_0,3.1182668045405815,27.66522885738404,-105.52540329095618,2022,"{""type"":""MultiPoint"",""coordinates"":[]}"
944_0,1.635576857345383,46.340182513614586,-111.43035492232869,2022,"{""type"":""MultiPoint"",""coordinates"":[]}"
945_0,3.6663916241054064,29.720643185430855,-97.58686387442617,2022,"{""type"":""MultiPoint"",""coordinates"":[]}"
947_0,2.3418234228659536,43.796247318049836,-108.76119692621579,2022,"{""type"":""MultiPoint"",""coordinates"":[]}"
949_0,3.3716544429492887,36.42802817060209,-96.97317699489855,2022,"{""type"":""MultiPoint"",""coordinates"":[]}"
950_0,2.2026881350119756,34.15734306177213,-110.29424028908572,2022,"{""type"":""MultiPoint"",""coordinates"":[]}"
952_0,2.617344961653381,34.62889491101177,-116.39720910665366,2022,"{""type"":""MultiPoint"",""coordinates"":[]}"
953_0,2.4561359461059618,48.59849020662646,-89.60764805486963,2022,"{""type"":""MultiPoint"",""coordinates"":[]}"
954_0,2.494833709437773,43.89660848133713,-108.77947312552342,2022,"{""type"":""MultiPoint"",""coordinates"":[]}"
958_0,6.5643973344932975,45.59080014436651,-86.69044300511305,2022,"{""type"":""MultiPoint"",""coordinates"":[]}"
959_0,1.954057890900497,34.99742337014577,-93.358304716018,2022,"{""type"":""MultiPoint"",""coordinates"":[]}"
962_0,3.3490652394162175,29.95171231155378,-105.28638743842205,2022,"{""type"":""MultiPoint"",""coordinates"":[]}"
963_0,3.358836763278336,26.009604726750325,-102.31129354615129,2022,"{""type"":""MultiPoint"",""coordinates"":[]}"
964_0,2.1285606598521705,36.1214648837731,-88.41411707963162,2022,"{""type"":""MultiPoint"",""coordinates"":[]}"
965_0,1.8774945639299583,44.58003104973675,-121.62756708447193,2022,"{""type"":""MultiPoint"",""coordinates"":[]}"
966_0,3.7876388527820106,27.315163305309873,-113.8996268167301,2022,"{""type"":""MultiPoint"",""coordinates"":[]}"
968_0,2.3122776990394858,33.62943128396378,-108.29586758546654,2022,"{""type"":""MultiPoint"",""coordinates"":[]}"
969_0,3.742559942057211,35.427251176385454,-103.8986473733963,2022,"{""type"":""MultiPoint"",""coordinates"":[]}"
971_0,2.5328728117254986,47.68047425731719,-77.97709285014412,2022,"{""type"":""MultiPoint"",""coordinates"":[]}"
974_0,2.6761931487947117,38.90522760935902,-110.64175381213337,2022,"{""type"":""MultiPoint"",""coordinates"":[]}"
975_0,2.5594622034309893,45.32252886005746,-107.53809264984154,2022,"{""type"":""MultiPoint"",""coordinates"":[]}"
976_0,2.2990335738318137,37.498706895633504,-90.73316940382118,2022,"{""type"":""MultiPoint"",""coordinates"":[]}"
977_0,1.448898302020288,47.75914095823601,-114.41941782623853,2022,"{""type"":""MultiPoint"",""coordinates"":[]}"
978_0,3.244424631859415,28.817710336580454,-111.59216628336404,2022,"{""type"":""MultiPoint"",""coordinates"":[]}"
979_0,5.989410657021754,44.97960732052488,-80.49414491173604,2022,"{""type"":""MultiPoint"",""coordinates"":[]}"
980_0,4.483758190794888,38.69248143107129,-102.50510119518472,2022,"{""type"":""MultiPoint"",""coordinates"":[]}"
985_0,4.436744674280322,32.430088188775024,-98.8248764727767,2022,"{""type"":""MultiPoint"",""coordinates"":[]}"
987_0,4.8250289665486585,42.07803156205618,-98.99971521609783,2022,"{""type"":""MultiPoint"",""coordinates"":[]}"
988_0,3.165378901467519,39.20465552406512,-93.13043297321887,2022,"{""type"":""MultiPoint"",""coordinates"":[]}"
989_0,4.36610600340929,46.7581364269712,-100.41919559909397,2022,"{""type"":""MultiPoint"",""coordinates"":[]}"
990_0,2.725079840154772,41.8918175211854,-114.9460897589631,2022,"{""type"":""MultiPoint"",""coordinates"":[]}"
991_0,3.8137859152948135,34.66497709444102,-107.85784721138018,2022,"{""type"":""MultiPoint"",""coordinates"":[]}"
992_0,5.374793107371667,44.66007997021595,-87.41717961643599,2022,"{""type"":""MultiPoint"",""coordinates"":[]}"
993_0,2.4877913958445346,25.013567469195163,-103.85107103054541,2022,"{""type"":""MultiPoint"",""coordinates"":[]}"
994_0,3.0641468043281974,43.90377497328729,-90.36622758611483,2022,"{""type"":""MultiPoint"",""coordinates"":[]}"
997_0,5.510886180533733,43.932032746223996,-82.56711276902155,2022,"{""type"":""MultiPoint"",""coordinates"":[]}"
998_0,3.087172247420975,41.52946319919153,-113.04519523279649,2022,"{""type"":""MultiPoint"",""coordinates"":[]}"
